method,samples,p50_runtime_us,mean_runtime_us,p99_us_median,mean_tflops,speedup_vs_full
FULL,8,115.713000,144.645500,133.753880,4.739815,1.000000
BUCKET,8,133.263000,153.128000,139.034560,4.409797,0.868306
ONEKEY,8,115.793000,141.368000,127.122960,4.844562,0.999309
TORCH,8,15.461000,14.775500,17.676000,48.140434,7.484186
