method,bucket_m,samples,p50_runtime_us,mean_tflops
BUCKET,1,26,40.010500,36.739209
BUCKET,2,9,51.761000,29.335335
BUCKET,3,29,41.641000,15.933141
BUCKET,4,4,124.356000,4.812071
BUCKET,5,18,64.916500,3.108913
BUCKET,6,6,52.116000,5.456965
BUCKET,7,36,52.146500,1.305670
FULL,1,26,52.806000,29.518689
FULL,2,9,53.631000,28.984522
FULL,3,29,43.192000,17.950591
FULL,4,4,124.281500,4.807362
FULL,5,18,54.791500,4.362178
FULL,6,6,51.985500,5.452104
FULL,7,36,25.711500,2.641881
